Дата,Новость,Кавередж,Сессии,CTR,% удовлетворения,Ответивших,CTR опроса,Локаль,Тема,Номер,,,
"Dec 4, 2019",Phishing-Kampagne zielt auf Sparkassenkunden ab, 3 338, 1 853,55.51%,,,,DE,phishing,0001,,,
"Dec 5, 2019",SMS phishing campaign targets Paytm customers, 2 076,  489,23.55%,96%,  45,9.20%,EN,phishing,0002,phishin,breach,patch
"Dec 11, 2019",End-of-year refund scam targets taxpayers, 6 683,  857,12.82%,95%,  82,9.57%,EN,phishing,0003,40.83%,44.37%,46.52%
"Dec 13, 2019",Los clientes de Bankia reciben SMS fraudulentos para “activar” sus cuentas,  562,  250,44.48%,,,,SP,phishing,0004,,,
"Dec 18, 2019",Online retailer LightInTheBox customers’ data exposed online ,  545,  229,42.02%,,,,EN,data breach,0005,,,
"Dec 23, 2019",Atualize o aplicativo Twitter para Android, 1 131,  621,54.91%,,,,PT,security update,0006,,,
"Dec 23, 2019",Update your Twitter app for Android, 2 734, 1 294,47.33%,,,,EN,security update,0007,,,
"Dec 24, 2019",Android için Twitter uygulamanızı güncelleyin,  134,  66,49.25%,,,,TR,security update,0008,,,
"Dec 24, 2019",Обновите Twitter для Android,  480,  180,37.50%,,,,RU,security update,0009,,,
"Jan 9, 2020",Update Firefox promptly, 33 043, 15 037,45.51%,,,,EN,security update,0010,,,
"Jan 10, 2020",Actualiza Firefox de inmediato, 14 839, 6 397,43.11%,,,,SP,security update,0011,,,
"Jan 10, 2020",Aggiorna subito Firefox, 4 143, 2 564,61.89%,,,,IT,security update,0012,,,
"Jan 10, 2020",Atualize o Firefox agora mesmo, 21 976, 8 634,39.29%,,,,PT,security update,0013,,,
"Jan 10, 2020",Firefox sofort aktualisieren, 6 308, 4 830,76.57%,,,,DE,security update,0014,,,
"Jan 10, 2020",Firefox’u Derhal Güncelleyin, 1 288,  568,44.10%,,,,TR,security update,0015,,,
"Jan 10, 2020",Mettez à jour Firefox sans attendre, 6 847, 3 874,56.58%,,,,FR,security update,0016,,,
"Jan 10, 2020",Обновите Firefox как можно скорее, 1 531,  868,56.69%,,,,RU,security update,0017,,,
"Jan 15, 2020",Aggiorna Windows 7 sul tuo PC, 3 412, 2 209,64.74%,,,,IT,security update,0018,,,
"Jan 15, 2020",Atualize o Windows 7 no seu computador, 32 776, 12 948,39.50%,,,,PT,security update,0019,,,
"Jan 15, 2020",Mettez à niveau votre système d’exploitation Windows 7, 4 086, 2 389,58.47%,,,,FR,security update,0020,,,
"Jan 15, 2020",PC’nizde Windows 7’yi güncelleyin, 3 981, 1 336,33.56%,,,,TR,security update,0021,,,
"Jan 15, 2020",PCs mit Windows 7 unbedingt aktualisieren, 1 624,-  1,-0.06%,,,,DE,security update,0022,,,
"Jan 15, 2020",Update Windows 7 on your PC, 36 265, 14 053,38.75%,,,,EN,security update,0023,,,
"Jan 15, 2020",Upgrade Windows 7 on your PC,  46,  49,106.52%,,,,FI,security update,0024,,,
"Jan 15, 2020",Upgrade Windows 7 on your PC,  22,  19,86.36%,,,,NO,security update,0025,,,
"Jan 15, 2020",Upgrade Windows 7 on your PC,  184,  153,83.15%,,,,SE,security update,0026,,,
"Jan 15, 2020",Upgrade Windows 7 on your PC,  57,  34,59.65%,,,,DK,security update,0027,,,
"Jan 15, 2020",Перейдите с Windows 7 на более современную систему, 3 235, 1 791,55.36%,,,,RU,security update,0028,,,
"Jan 21, 2020",Aktualizujte operační systém Windows 7 na svém PC,  30,  30,100.00%,,,,CZ,security update,0029,,,
"Jan 21, 2020",Phishing alert for Rabobank customers,  218,  147,67.43%,,,,EN,phishing,0030,,,
"Jan 23, 2020",Beware of phishing attempts on behalf of the Tax Department, 1 465,  232,15.84%,,,,EN,phishing,0031,,,
"Jan 28, 2020",Update Zoom app to prevent unwanted guests on your video calls,  618,  189,30.58%,,,,EN,security update,0032,,,
"Jan 29, 2020",Actualiza Zoom y evita a los intrusos en tus videollamadas,  212,  95,44.81%,,,,SP,security update,0033,,,
"Jan 29, 2020",Atualize o Zoom para evitar visitas indesejadas nas videochamadas,  216,  82,37.96%,,,,PT,phishing,0034,,,
"Feb 5, 2020",Phishing-Attacke auf Advanzia-Kunden,  157,  138,87.90%,,,,DE,phishing,0035,,,
"Feb 6, 2020",Your Android device might be vulnerable to attack, 8 907, 4 986,55.98%,97%,  635,12.74%,EN,security update,0036,,,
"Feb 7, 2020",Android cihazınız saldırılara karşı savunmasız olabilir,  265,  152,57.36%,,,,TR,security update,0037,,,
"Feb 7, 2020",Ihr Android-Gerät könnte anfällig für Angriffe sein, 3 521, 2 623,74.50%,,,,DE,security update,0038,,,
"Feb 7, 2020",Il tuo dispositivo Android potrebbe essere vulnerabile ad attacchi,  617,  440,71.31%,,,,IT,security update,0039,,,
"Feb 7, 2020",Seu dispositivo Android pode estar suscetível a ataques, 4 082,-  1,-0.02%,,,,PT,security update,0040,,,
"Feb 7, 2020",Tu dispositivo Android podría ser vulnerable a los ataques, 2 511,-  1,-0.04%,,,,SP,security update,0041,,,
"Feb 7, 2020",Vaše zařízení se systémem Android může být zranitelné vůči útoku,  21,-  1,-4.76%,,,,CZ,security update,0042,,,
"Feb 7, 2020",Votre appareil Android pourrait être vulnérable à une attaque, 1 055,  897,85.02%,,,,FR,security update,0043,,,
"Feb 7, 2020",Your Android device might be vulnerable to attack,  86,  91,105.81%,,,,SE,security update,0044,,,
"Feb 7, 2020",Your Android device might be vulnerable to attack,  36,  24,66.67%,,,,FI,security update,0045,,,
"Feb 7, 2020",Your Android device might be vulnerable to attack,  35,  23,65.71%,,,,DK,security update,0046,,,
"Feb 7, 2020",Your Android device might be vulnerable to attack ,  23,  38,165.22%,,,,NO,security update,0047,,,
"Feb 7, 2020",В Android обнаружены критические уязвимости. Обновите ОС своих гаджетов, 4 498, 2 160,48.02%,,,,RU,security update,0048,,,
"Feb 12, 2020",Beware of this highly convincing Amex and Chase phishing, 11 072, 4 164,37.61%,99%,  195,4.68%,EN,phishing,0049,,,
"Feb 14, 2020",Update Internet Explorer on your PC, 52 690, 15 164,28.78%,97%,  316,2.08%,EN,security update,0050,,,
"Feb 14, 2020",Actualiza Internet Explorer en tu ordenador, 28 210, 6 473,22.95%,,,,SP,security update,0051,,,
"Feb 14, 2020",Aggiorna Internet Explorer sul tuo PC, 6 092, 2 470,40.54%,,,,IT,security update,0052,,,
"Feb 14, 2020",Aktualisieren Sie den Internet Explorer auf Ihrem PC, 5 157, 2 877,55.79%,,,,DE,security update,0053,,,
"Feb 14, 2020",Aktualizujte aplikaci Internet Explorer na svém PC,  55,  48,87.27%,,,,CZ,security update,0054,,,
"Feb 14, 2020",Atualize o Internet Explorer no seu computador, 38 931, 9 487,24.37%,,,,PT,security update,0055,,,
"Feb 14, 2020",Mettez à jour Internet Explorer sur votre PC, 6 223, 2 411,38.74%,,,,FR,security update,0056,,,
"Feb 14, 2020",PC’nizde Internet Explorer’ı güncelleyin, 4 795,  950,19.81%,,,,TR,security update,0057,,,
"Feb 14, 2020",Update Internet Explorer on your PC,  89,  48,53.93%,,,,FI,security update,0058,,,
"Feb 14, 2020",Update Internet Explorer on your PC,  71,  38,53.52%,,,,NO,security update,0059,,,
"Feb 14, 2020",Update Internet Explorer on your PC,  237,  118,49.79%,,,,DK,security update,0060,,,
"Feb 14, 2020",Update Internet Explorer on your PC,  451,  221,49.00%,,,,SE,security update,0061,,,
"Feb 14, 2020",Обновите Internet Explorer на своем ПК, 3 819, 1 449,37.94%,,,,RU,security update,0062,,,
"Feb 19, 2020",Protect your TikTok account, 3 447, 1 693,49.12%,91%,  54,3.19%,EN,advice,0063,,,
"Mar 2, 2020",Alerta de phishing para los clientes de Endesa,  434,  196,45.16%,,,,ES,phishing,0064,,,
"Mar 4, 2020",El phishing ataca a los clientes del Banco Santander, 2 084,  837,40.16%,,,,ES,phishing,0065,,,
"Mar 6, 2020",Data breach affects T-Mobile users,  226,  95,42.04%,,,,EN,data breach,0066,,,
"Mar 6, 2020",Data breach affects Virgin Media customers, 1 861,  864,46.43%,,,,EN,data breach,0067,,,
"Mar 12, 2020",This coronavirus-themed phishing campaign targets taxpayers , 9 183, 2 467,26.86%,98%,  116,4.70%,EN,phishing,0068,,,
"Mar 13, 2020",Install this emergency update for Windows 10, 183 034, 65 367,35.71%,96%,  353,0.54%,EN,security update,0069,,,
"Mar 16, 2020",Instala esta actualización de emergencia para Windows 10 , 93 175,"22,383",24.02%,,,,ES,security update,0070,,,
"Mar 16, 2020",Install this emergency update for Windows 10, 1 221,  592,48.48%,,,,DK,security update,0071,,,
"Mar 16, 2020",Install this emergency update for Windows 10,  792,  375,47.35%,,,,FI,security update,0072,,,
"Mar 16, 2020",Install this emergency update for Windows 10,  478,  187,39.12%,,,,NO,security update,0073,,,
"Mar 16, 2020",Install this emergency update for Windows 10, 2 775, 1 053,37.95%,,,,SE,security update,0074,,,
"Mar 16, 2020",Installa questo aggiornamento di emergenza per Windows 10, 27 769, 12 326,44.39%,,,,IT,security update,0075,,,
"Mar 16, 2020",Installez cette mise à jour d’urgence pour Windows 10, 28 227, 12 776,45.26%,,,,FR,security update,0076,,,
"Mar 16, 2020",Nainstalujte tuto nouzovou aktualizaci pro Windows 10,  273,  171,62.64%,,,,CZ,security update,0077,,,
"Mar 16, 2020",Notfallupdate für Windows 10, 20 334, 9 754,47.97%,,,,DE,security update,0078,,,
"Mar 16, 2020",Установите последнее обновление Windows 10 как можно скорее, 7 212, 3 026,41.96%,,,,RU,security update,0079,,,
"Mar 17, 2020",Bu acil Windows 10 güncellemesini yükleyin, 14 514, 4 887,33.67%,,,,TR,security update,0080,,,
"Mar 17, 2020",Instale esta atualização de emergência do Windows 10, 125 721, 39 704,31.58%,,,,PT,security update,0081,,,
"Mar 24, 2020",Weibo users affected by a data breach, 1 112,  661,59.44%,,,,EN,data breach,0082,,,
"Mar 31, 2020",Update your Apple device to iOS/iPadOS 13.4, 52 463, 12 695,24.20%,94%, 1 171,9.22%,EN,security update,0083,,,
"Apr 1, 2020",Actualiza tu dispositivo Apple a iOS o iPadOS 13.4, 9 542, 2 573,26.96%,,,,ES,security update,0084,,,
"Apr 1, 2020",Aggiorna il tuo dispositivo Apple a iOS/iPadOS 13.4, 4 646, 1 085,23.35%,,,,IT,security update,0085,,,
"Apr 1, 2020",Aktualizujte své zařízení Apple na operační systém iOS/iPadOS 13.4 ,  50,  17,34.00%,,,,CZ,security update,0086,,,
"Apr 1, 2020",Apple cihazınızı iOS/iPadOS 13.4 sürümüne yükseltme, 1 464,  354,24.18%,,,,TR,security update,0087,,,
"Apr 1, 2020",Atualize seu dispositivo Apple para o iOS/iPadOS 13.4, 7 434, 2 402,32.31%,,,,PT,security update,0088,,,
"Apr 1, 2020",Mettez votre appareil Apple à jour vers iOS/iPadOS 13.4, 10 241, 2 434,23.77%,,,,FR,security update,0089,,,
"Apr 1, 2020",Update your Apple device to iOS/iPadOS 13.4,  542,  137,25.28%,,,,SE,security update,0090,,,
"Apr 1, 2020",Update your Apple device to iOS/iPadOS 13.4,  489,  110,22.49%,,,,DK,security update,0091,,,
"Apr 1, 2020",Update your Apple device to iOS/iPadOS 13.4,  139,  22,15.83%,,,,FI,security update,0092,,,
"Apr 1, 2020",Update your Apple device to iOS/iPadOS 13.4,  253,  40,15.81%,,,,NO,security update,0093,,,
"Apr 1, 2020",Updaten Sie Ihr Apple-Gerät auf iOS/iPadOS 13.4, 20 842, 5 821,27.93%,,,,DE,security update,0094,,,
"Apr 1, 2020",Обновите ОС на iPhone и iPad до версии 13.4, 19 760, 2 826,14.30%,,,,RU,security update,0095,,,
"Apr 2, 2020",Marriott customers affected by data breach, 1 741,  707,40.61%,100%,  28,3.96%,EN,data breach,0096,,,
"Apr 2, 2020",Una brecha de datos afecta a los clientes de Marriott,  157,  56,35.67%,,,,SP,data breach,0097,,,
"Apr 9, 2020",Beware of ANZ phishing text messages, 1 158,  411,35.49%,100%,  11,2.68%,EN,phishing,0098,,,
"Apr 13, 2020",Make your Zoom calls safer and more private , 2 363, 1 489,63.01%,97%,  239,16.05%,EN,advice,0099,,,
"Apr 14, 2020",Mehr Sicherheit und Privatsphäre in Zoom-Anrufen,  282,  243,86.17%,,,0.00%,DE,advice,0100,,,
"Apr 14, 2020",Renforcez la sécurité et la confidentialité de vos appels Zoom,  119,  108,90.76%,,,0.00%,FR,advice,0101,,,
"Apr 14, 2020",Mayor seguridad y privacidad en Zoom,  850,  710,83.53%,,,0.00%,ES,advice,0102,,,
"Apr 14, 2020",Maior privacidade e segurança de chamadas no Zoom, 1 122,  683,60.87%,,,0.00%,PT,advice,0103,,,
"Apr 14, 2020",Rendi più sicure e private le tue chiamate su Zoom ,  142,  140,98.59%,,,0.00%,IT,advice,0104,,,
"Apr 14, 2020",Сделайте общение в Zoom более безопасным,  572,  290,50.70%,,,0.00%,RU,advice,0105,,,
"Apr 16, 2020",SMS phishing campaign targets SBI customers, 5 479, 1 010,18.43%,100%,  24,2.38%,EN,phishing,0106,,,
"Apr 21, 2020",Update Windows Foxit Reader to version 9.7.2, 11 211, 3 319,29.60%,100%,  25,0.75%,EN,security update,0107,,,
"Apr 22, 2020",Jetzt Windows Foxit Reader auf Version 9.7.2 aktualisieren,  695,  339,48.78%,,,0.00%,DE,security update,0108,,,
"Apr 22, 2020",Mettez à jour Windows Foxit Reader à la version 9.7.2, 1 695,  723,42.65%,,,0.00%,FR,security update,0109,,,
"Apr 22, 2020",Actualiza Windows Foxit Reader a la versión 9.7.2, 3 858, 1 036,26.85%,,,0.00%,ES,security update,0110,,,
"Apr 22, 2020",Atualize o Windows Foxit Reader para a versão 9.7.2, 12 837, 2 980,23.21%,,,0.00%,PT,security update,0111,,,
"Apr 22, 2020",Aggiorna Windows Foxit Reader alla versione 9.7.2, 1 187,  524,44.14%,,,0.00%,IT,security update,0112,,,
"Apr 22, 2020",Обновите Foxit Reader для Windows до версии 9.7.2,  598,  223,37.29%,,,0.00%,RU,security update,0113,,,
"Apr 22, 2020",Update Windows Foxit Reader to version 9.7.2,  36,  23,63.89%,,,0.00%,FI,security update,0114,,,
"Apr 22, 2020",Update Windows Foxit Reader to version 9.7.2,  18,  6,33.33%,,,0.00%,NO,security update,0115,,,
"Apr 22, 2020",Windows Foxit Reader’ı 9.7.2 sürümüne yükseltin,  469,  154,32.84%,,,0.00%,TR,security update,0116,,,
"Apr 22, 2020",Update Windows Foxit Reader to version 9.7.2,  52,  24,46.15%,,,0.00%,SE,security update,0117,,,
"Apr 22, 2020",Update Windows Foxit Reader to version 9.7.2,  44,  13,29.55%,,,0.00%,DK,security update,0118,,,
"Apr 27, 2020",Skype phishing scams on the rise, 216 813, 59 823,27.59%,96%,  540,0.90%,EN,phishing,0119,,,
"Apr 28, 2020",Anstieg beim Skype-Phishing, 22 940, 9 547,41.62%,,,0.00%,DE,phishing,0120,,,
"Apr 28, 2020",Hausse des escroqueries par hameçonnage sur Skype, 32 477, 12 938,39.84%,,,0.00%,FR,phishing,0121,,,
"Apr 28, 2020",Aumentan las estafas por phishing en Skype, 106 838, 23 814,22.29%,,,0.00%,ES,phishing,0122,,,
"Apr 28, 2020",Golpes de phishing em alta no Skype, 132 294, 32 559,24.61%,,,0.00%,PT,phishing,0123,,,
"Apr 28, 2020",In aumento il phishing su Skype, 33 944, 12 708,37.44%,,,0.00%,IT,phishing,0124,,,
"Apr 28, 2020",Новая волна фишинга от имени Skype, 12 532, 4 162,33.21%,,,0.00%,RU,phishing,0125,,,
"Apr 28, 2020",Skype phishing scams on the rise,  671,  266,39.64%,,,0.00%,FI,phishing,0126,,,
"Apr 28, 2020",Skype phishing scams on the rise,  460,  172,37.39%,,,0.00%,NO,phishing,0127,,,
"Apr 28, 2020",Skype kimlik avı dolandırıcılıkları yükselişte, 17 220, 5 268,30.59%,,,0.00%,TR,phishing,0128,,,
"Apr 28, 2020",Skype phishing scams on the rise, 2 631,  865,32.88%,,,0.00%,SE,phishing,0129,,,
"Apr 28, 2020",Skype phishing scams on the rise, 1 234,  474,38.41%,,,0.00%,DK,phishing,0130,,,
"Apr 28, 2020",Phishingové útoky týkající se Skype na vzestupu,  282,  134,47.52%,,,0.00%,CZ,phishing,0131,,,
"Apr 30, 2020",Cuidado con el phishing que suplanta al BBVA, 12 913, 4 377,33.90%,,,0.00%,ES,phishing,0132,,,
"May 7, 2020","28,000 GoDaddy hosting accounts breached", 5 629, 2 569,45.64%,84%,  19,0.74%,EN,data breach,0133,,,
"May 7, 2020",28 000 comptes d’hébergement GoDaddy piratés,148,  87,58.78%,,,0.00%,FR,data breach,0134,,,
"May 7, 2020",Ataque a 28 000 cuentas de alojamiento de GoDaddy, 1 992, 1 014,50.90%,,,0.00%,ES,data breach,0135,,,
"May 7, 2020",28 mil contas de hospedagem da GoDaddy são violadas, 1 575,  862,54.73%,,,0.00%,PT,data breach,0136,,,
"May 7, 2020",28.000 account di hosting su GoDaddy violati,  161,  96,59.63%,,,0.00%,IT,data breach,0137,,,
"May 7, 2020",28.000 GoDaddy hosting hesabı bilgisine erişildi,  372,  239,64.25%,,,0.00%,TR,data breach,0138,,,
"May 7, 2020","28,000 GoDaddy hosting accounts breached ",  18,  9,50.00%,,,0.00%,SE,data breach,0139,,,
"May 8, 2020",Update your Samsung device to fix this vulnerability, 5 870, 2 719,46.32%,94%,  154,5.66%,EN,security update,0140,,,
"May 12, 2020","Aktualisieren Sie Ihr Samsung-Gerät, um diese Schwachstelle zu beheben", 2 321, 1 269,54.67%,,,,DE,security update,0141,,,
"May 12, 2020",Mettez à jour votre appareil Samsung pour corriger cette vulnérabilité,  667,  425,63.72%,,,,FR,security update,0142,,,
"May 12, 2020",Actualiza tu dispositivo Samsung para solucionar esta vulnerabilidad , 1 097,  639,58.25%,,,,ES,security update,0143,,,
"May 12, 2020",Atualize seu Samsung para corrigir essa vulnerabilidade, 2 180, 1 117,51.24%,,,,PT,security update,0144,,,
"May 12, 2020",Aggiornate il vostro dispositivo Samsung per risolvere questa vulnerabilità,  383,  223,58.22%,,,,IT,security update,0145,,,
"May 12, 2020",Обновите свой смартфон Samsung, 1 624,  724,44.58%,,,,RU,security update,0146,,,
"May 12, 2020",Bu güvenlik açığını gidermek için Samsung cihazınızı güncelleyin,  176,  112,63.64%,,,,TR,security update,0147,,,
"May 12, 2020",Update your Samsung device to fix this vulnerability,68,  45,66.18%,,,,SE,security update,0148,,,
"May 12, 2020",Update your Samsung device to fix this vulnerability,  25,  9,36.00%,,,,DK,security update,0149,,,
"May 12, 2020",Aktualizujte své zařízení Samsung a opravte chybu zabezpečení,  12,  13,108.33%,,,,CZ,security update,0150,,,
"May 14, 2020",Zoosk user data for sale,  474,  237,50.00%,,,,EN,data breach,0151,,,
"May 19, 2020",Data breach affects EasyJet users,  289,  159,55.02%,,,,EN,data breach,0152,,,
"May 20, 2020",Diverses campagnes de phishing se font passer pour l’Assurance Maladie, 5 724, 3 012,52.62%,,,,FR,phishing,0153,,,
"May 26, 2020",New wave of SMS phishing targets ING customers,  212,  94,44.34%,,,,EN,phishing,0154,,,
"May 29, 2020",Be cautious: Absa phishing campaign on the rise,  494,  143,28.95%,,,,EN,phishing,0155,,,
"Jun 3, 2020",¡Ojo! Una nueva campaña de phishing se hace pasar por Carrefour y Lidl, 2 973, 1 432,48.17%,,,,ES,phishing,0156,,,
"Jun 5, 2020",Expecting a tax refund? Beware of these phishing pages, 19 545, 3 966,20.29%,,,,EN,phishing,0157,,,
"Jun 11, 2020",Coronavirus-themed phishing targets taxpayers, 12 031, 3 398,28.24%,,,,EN,phishing,0158,,,
"Jun 17, 2020",Cuidado con los mensajes de phishing de Banco Estado,  970,  496,51.13%,,,,ES,phishing,0159,,,
"Jun 18, 2020",Update your VLC Media Player to version 3.0.11, 76 987, 25 197,32.73%,,,,EN,security update,0160,,,
"Jun 19, 2020",Aktualisieren Sie Ihren VLC Media Player auf die Version 3.0.11, 5 164, 3 202,62.01%,,,,DE,security update,0161,,,
"Jun 19, 2020",Mettez à jour VLC Media Player vers la version 3.0.11, 14 847, 6 211,41.83%,,,,FR,security update,0162,,,
"Jun 19, 2020",Actualiza tu VLC Media Player a la versión 3.0.11, 26 876, 9 402,34.98%,,,,ES,security update,0163,,,
"Jun 19, 2020",Atualize o VLC Media Player para a versão 3.0.11, 24 920, 9 009,36.15%,,,,PT,security update,0164,,,
"Jun 19, 2020",Aggiorna il tuo VLC Media Player alla versione 3.0.11, 9 000, 4 192,46.58%,,,,IT,security update,0165,,,
"Jun 19, 2020",Обновите свой плеер VLC до версии 3.0.11, 1 948, 2 556,131.21%,,,,RU,security update,0166,,,
"Jun 19, 2020",Update your VLC Media Player to version 3.0.11,  187,  112,59.89%,,,,FI,security update,0167,,,
"Jun 19, 2020",Update your VLC Media Player to version 3.0.11,  133,  56,42.11%,,,,NO,security update,0168,,,
"Jun 19, 2020",VLC Media Player’ınızı 3.0.11 sürümüne güncelleyin, 3 103, 1 055,34.00%,,,,TR,security update,0169,,,
"Jun 19, 2020",Update your VLC Media Player to version 3.0.11,  661,  373,56.43%,,,,SE,security update,0170,,,
"Jun 19, 2020",Update your VLC Media Player to version 3.0.11,  284,  163,57.39%,,,,DK,security update,0171,,,
"Jun 19, 2020",Aktualizujte svůj přehrávač VLC Media Player na verzi 3.0.11,  149,  87,58.39%,,,,CZ,security update,0172,,,
"Jun 19, 2020",Phishing alert for Bank of America customers, 9 067, 2 047,22.58%,,,,EN,phishing,0173,,,
"Jun 22, 2020",Beware of Wells Fargo phishing campaign, 7 925, 2 277,28.73%,,,,EN,phishing,0174,,,
"Jul 8, 2020",Phishing zielt auf Kunden der BAWAG P.S.K. ab,  220,  141,64.09%,,,,DE,phishing,0175,,,
"Jul 9, 2020",Got an e-mail about unpaid British Gas bill? It’s probably phishing,  699,  275,39.34%,,,,EN,phishing,0176,,,
"Jul 10, 2020",Phone scammers are posing as NatWest reps, 1 591,  561,35.26%,,,,EN,phishing,0177,,,
"Jul 15, 2020",New phishing scheme making the rounds on Instagram, 71 085, 24 657,34.69%,,,,EN,phishing,0178,,,
"Jul 16, 2020",Wattpad users affected by data breach,  184,  47,25.54%,,,,EN,data breach,0179,,,
"Jul 17, 2020",High-profile Twitter accounts post cryptocurrency scams, 67 269, 15 129,22.49%,,,,EN,phishing,0180,,,
"Jul 22, 2020",Update Photoshop on your Windows computer, 26 479, 6 297,23.78%,,,,EN,security update,0181,,,
"Jul 23, 2020",Aktualisieren Sie Photoshop auf Ihrem Windows-PC,  852,  407,47.77%,,,,DE,security update,0182,,,
"Jul 23, 2020",Mettez à jour Photoshop sur votre ordinateur Windows, 2 517,  985,39.13%,,,,FR,security update,0183,,,
"Jul 23, 2020",Actualiza Photoshop en tu Windows, 11 982, 3 515,29.34%,,,,ES,security update,0184,,,
"Jul 23, 2020",Atualize o Photoshop no seu Windows, 15 551, 4 838,31.11%,,,,PT,security update,0185,,,
"Jul 23, 2020",Aggiorna Photoshop sul tuo computer Windows, 2 285,  869,38.03%,,,,IT,security update,0186,,,
"Jul 23, 2020",Обновите Photoshop на своем ПК, 7 963, 3 618,45.44%,,,,RU,security update,0187,,,
"Jul 23, 2020",Update Photoshop on your Windows computer,  47,  16,34.04%,,,,FI,security update,0188,,,
"Jul 23, 2020",Update Photoshop on your Windows computer,  14,  9,64.29%,,,,NO,security update,0189,,,
"Jul 23, 2020",Windows bilgisayarınızda Photoshop’u güncelleyin, 2 144,  489,22.81%,,,,TR,security update,0190,,,
"Jul 23, 2020",Update Photoshop on your Windows computer,  111,  38,34.23%,,,,SE,security update,0191,,,
"Jul 23, 2020",Update Photoshop on your Windows computer,  47,  18,38.30%,,,,DK,security update,0192,,,
"Jul 23, 2020",Aktualizujte aplikaci Photoshop ve svém počítači se systémem Windows,  38,  20,52.63%,,,,CZ,security update,0193,,,
"Jul 29, 2020",PayPal phishing targeting people all over the world, 45 572, 17 947,39.38%,,,,EN,phishing,0194,,,
"Jul 30, 2020",PayPal-Phishing hat Menschen auf der ganzen Welt im Visier, 8 361, 5 684,67.98%,,,,DE,,0195,,,
"Jul 30, 2020",Phishing ciblant les utilisateurs de PayPal dans le monde entier, 5 758, 3 564,61.90%,,,,FR,,0196,,,
"Jul 30, 2020",Campaña mundial de phishing contra PayPal, 8 829, 4 987,56.48%,,,,ES,,0197,,,
"Jul 30, 2020",Phishing global envolvendo o PayPal, 8 175, 5 718,69.94%,,,,PT,,0198,,,
"Jul 30, 2020",Phishing su PayPal prende di mira tutto il mondo, 5 387, 3 356,62.30%,,,,IT,,0199,,,
"Jul 30, 2020",PayPal phishing targeting people all over the world,  120,  112,93.33%,,,,FI,,0200,,,
"Jul 30, 2020",PayPal phishing targeting people all over the world,  70,  63,90.00%,,,,NO,,0201,,,
"Jul 30, 2020",PayPal phishing targeting people all over the world,  645,  438,67.91%,,,,SE,,0202,,,
"Jul 30, 2020",PayPal phishing targeting people all over the world,  146,  114,78.08%,,,,DK,,0203,,,
"Jul 30, 2020",Phishingové útoky napodobující PayPal se zaměřují na lidi po celém světě,  40,  56,140.00%,,,,CZ,,0204,,,
"Aug 8, 2020",Your Android Twitter app might be vulnerable to attack, 1 820,  903,49.62%,,,,EN,,0205,,,
"Aug 10, 2020",Ihre Android Twitter-App könnte anfällig für Bedrohungen sein,  292,  143,48.97%,,,,DE,,0206,,,
"Aug 10, 2020",Votre application Twitter Android pourrait être vulnérable face aux attaques,  161,  76,47.20%,,,,FR,,0207,,,
"Aug 10, 2020",Tu aplicación de Twitter para Android podría ser vulnerable a los ataques,  951,  474,49.84%,,,,ES,,0208,,,
"Aug 10, 2020",Seu aplicativo Android do Twitter pode ser vulnerável a ataques, 1 272,  498,39.15%,,,,PT,,0209,,,
"Aug 10, 2020",La tua app Twitter per Android potrebbe essere vulnerabile ad attacchi,  109,  60,55.05%,,,,IT,,0210,,,
"Aug 10, 2020",Обновите приложение Twitter для Android,  245,  201,82.04%,,,,RU,,0211,,,
"Aug 10, 2020","Twitter uygulamanız, Android cihazınızda saldırılara karşı savunmasız olabilir",  137,  45,32.85%,,,,TR,,0212,,,
"Aug 17, 2020",Фишинговая атака на игроков в World of Warcraft,  184,  92,50.00%,,,,RU,,0213,,,
"Aug 20, 2020",Une campagne de phishing cible les clients de Free , 5 498, 3 953,71.90%,,,,FR,,0214,,,
"Aug 21, 2020",Campaña de phishing dirigida a clientes del BBVA, 11 774, 5 157,43.80%,,,,ES,phishing,0215,,,
"Aug 26, 2020",Une campagne de phishing cible les clients de la Société Générale , 2 395, 1 233,51.48%,,,,FR,phishing,0216,,,
"Aug 26, 2020",Be cautious: EE phishing campaign on the rise,1162,749,64.46%,,,,EN,phishing,0217,,,
"Aug 28, 2020",I clienti di Postepay e Bancoposta nel mirino dei truffatori,  294,  203,69.05%,,,,IT,phishing,0218,,,
"Sep 4, 2020",New text scam targets HSBC customers in UK, 1 967,  7,0.36%,,,,EN,phishing,0219,,,
"Sep 10, 2020",Beware of Lloyds Bank phishing messages, 3 146, 1 265,40.21%,,,,EN,phishing,0220,,,
"Sep 15, 2020",El phishing de Correos sigue aumentando, 1 325,  842,63.55%,,,,ES,phishing,0221,,,
"Sep 17, 2020",Los usuarios de ABANCA bajo un ataque phishing,  496,  185,37.30%,,,,ES,phishing,0222,,,
"Oct 6, 2020",“Free upgrade” scam targets Windows 7 users, 9 106,  185,2.03%,,,,EN,phishing,0223,,,
"Oct 7, 2020",„Gratis-Update”-Betrug hat Windows 7 Nutzer im Visier, 2 754, 1 021,37.07%,,,,DE,phishing,0224,,,
"Oct 7, 2020",L’escroquerie de la « mise à niveau gratuite » vise les utilisateurs de Windows 7, 11 320, 2 004,17.70%,,,,FR,phishing,0225,,,
"Oct 7, 2020",Intento de estafa Free upgrade a los usuarios de Windows 7, 49 872, 5 408,10.84%,,,,ES,phishing,0226,,,
"Oct 7, 2020",“Aggiornamento gratuito” truffa per utenti Windows 7, 8 065, 1 761,21.84%,,,,IT,phishing,0227,,,
"Oct 7, 2020",Спамеры обманывают пользователей Windows 7 с помощью «бесплатного обновления», 95 046, 19 573,20.59%,,,,RU,phishing,0228,,,
"Oct 7, 2020",“Free upgrade” scam targets Windows 7 users ,  82,  13,15.85%,,,,FI,phishing,0229,,,
"Oct 7, 2020",“Free upgrade” scam targets Windows 7 users,  60,  18,30.00%,,,,NO,phishing,0230,,,
"Oct 7, 2020",“Ücretsiz yükseltme” dolandırıcılıkları Windows 7 kullanıcılarını hedef alıyor, 9 045,  749,8.28%,,,,TR,phishing,0231,,,
"Oct 7, 2020",“Free upgrade” scam targets Windows 7 users ,  343,  98,28.57%,,,,SE,phishing,0232,,,
"Oct 7, 2020",“Free upgrade” scam targets Windows 7 users ,  90,  27,30.00%,,,,DK,phishing,0233,,,
"Oct 7, 2020",Na uživatele operačního systému Windows 7 míří podvodné zprávy o „bezplatné aktualizaci“,  152,  76,50.00%,,,,CZ,phishing,0234,,,
"Oct 8, 2020",Golpe de “upgrade grátis” para usuários do Windows 7, 68 017, 6 241,9.18%,,,,PT,phishing,0235,,,
"Oct 9, 2020",Phishing alert for ANZ Bank customers, 2 230,  565,25.34%,,,,EN,phishing,0236,,,
"Oct 13, 2020",Fake update campaign targets Electrum users,  107,  69,64.49%,,,,EN,phishing,0237,,,
"Oct 16, 2020","Gli utenti di Intesa Sanpaolo, vittime di attacchi phishing", 5 987, 1 972,32.94%,,,,IT,phishing,0238,,,
"Oct 16, 2020","I clienti del Monte dei Paschi di Siena, vittime di attacchi phishing", 2 125,  633,29.79%,,,,IT,phishing,0239,,,
"Oct 20, 2020",Vulnerability alert for users of Discord desktop app, 8 969, 2 947,32.86%,,,,EN,security update,0240,,,
"Oct 21, 2020",Исправлена уязвимость в десктопной версии Discord, 3 722, 1 263,33.93%,,,,RU,security update,0241,,,
"Oct 21, 2020",Update Google Chrome on your desktop, 403 525, 66 225,16.41%,,,,EN,security update,0242,,,
"Oct 22, 2020",Aktualisieren Sie Ihre Desktop-Version von Google Chrome, 18 164, 6 361,35.02%,,,,DE,security update,0243,,,
"Oct 22, 2020",Mise à jour de la version de bureau de Google Chrome, 51 280, 10 527,20.53%,,,,FR,security update,0244,,,
"Oct 22, 2020",Actualiza Google Chrome en tu ordenador, 245 088, 27 425,11.19%,,,,ES,security update,0245,,,
"Oct 22, 2020",Atualize o Google Chrome em seu computador, 269 325, 35 285,13.10%,,,,PT,security update,0246,,,
"Oct 22, 2020",Aggiorna subito la versione desktop di Google Chrome, 52 653, 11 680,22.18%,,,,IT,security update,0247,,,
"Oct 22, 2020",Обновите Google Chrome на своем компьютере, 165 439, 30 931,18.70%,,,,RU,security update,0248,,,
"Oct 22, 2020",Update Google Chrome on your desktop,  935,  273,29.20%,,,,FI,security update,0249,,,
"Oct 22, 2020",Update Google Chrome on your desktop,  666,  150,22.52%,,,,NO,security update,0250,,,
"Oct 22, 2020",Masaüstünüzde Google Chrome’u güncelleyin, 36 087, 5 164,14.31%,,,,TR,security update,0251,,,
"Oct 22, 2020",Update Google Chrome on your desktop, 3 360,  864,25.71%,,,,SE,security update,0252,,,
"Oct 22, 2020",Update Google Chrome on your desktop, 1 662,  420,25.27%,,,,DK,security update,0253,,,
"Oct 22, 2020",Aktualizujte aplikaci Google Chrome na svém počítači,  802,  337,42.02%,,,,CZ,security update,0254,,,
"Oct 28, 2020",Nuova campagna spam colpisce i contribuenti, 6 529, 2 192,33.57%,,,,IT,phishing,0255,,,
"Oct 30, 2020",Phishing alert for Grab users,  237,  109,45.99%,,,,EN,phishing,0256,,,
"Nov 3, 2020",Phishing alert for Halifax and Lloyds Bank customers, 5 383, 1 979,36.76%,,,,EN,phishing,0257,,,
"Nov 6, 2020",Los clientes del Santander son el objetivo de un ataque phishing multicanal, 15 213, 3 605,23.70%,,,,ES,phishing,0258,,,
"Nov 10, 2020",Data breach affects users of hotel booking websites, 21 613, 7 213,33.37%,,,,EN,data breach,0259,,,
"Nov 10, 2020",Datenleck betrifft Nutzer bekannter Reiseportale, 3 106, 1 896,61.04%,,,,DE,data breach,0260,,,
"Nov 10, 2020",Une fuite de données affecte plusieurs sites de réservation d’hôtels en ligne, 4 586, 2 099,45.77%,,,,FR,data breach,0261,,,
"Nov 10, 2020",Una brecha de seguridad afecta a varias webs para reservar hoteles, 8 746, 2 231,25.51%,,,,ES,data breach,0262,,,
"Nov 10, 2020",Fuga di dati colpisce gli utenti dei siti di prenotazioni alberghiere , 3 357, 1 303,38.81%,,,,IT,data breach,0263,,,
"Nov 10, 2020",Данные с сайтов аренды жилья утекли в Сеть, 9 445, 4 603,48.73%,,,,RU,data breach,0264,,,
"Nov 10, 2020",Data breach affects users of hotel booking websites ,  50,  35,70.00%,,,,FI,data breach,0265,,,
"Nov 10, 2020",Data breach affects users of hotel booking websites,  40,  7,17.50%,,,,NO,data breach,0266,,,
"Nov 10, 2020",Data breach affects users of hotel booking websites,  226,  109,48.23%,,,,SE,data breach,0267,,,
"Nov 10, 2020",Data breach affects users of hotel booking websites,  69,  39,56.52%,,,,DK,data breach,0268,,,
"Nov 12, 2020",Violação de dados afeta usuários de sites de reserva de hotel, 17 362, 4 040,23.27%,,,,PT,data breach,0269,,,
"Nov 12, 2020","Veri ihlalleri, otel rezervasyonu web sitelerini kullananları etkiliyor",  633,  226,35.70%,,,,TR,data breach,0270,,,
"Nov 12, 2020",Únik údajů má dopad na uživatele webových stránek s rezervacemi hotelů,  58,  35,60.34%,,,,CZ,data breach,0271,,,
"Nov 13, 2020",Scammers are impersonating the IRS again, 6 960,,0.00%,,,,EN,phishing,0272,,,
"Nov 13, 2020",Some North Face customers hacked in a credential stuffing incident,  920,,0.00%,,,,EN,data breach,0273,,,
"Nov 18, 2020",Vodafone warnt vor betrügerischen Kurznachrichten, 3 362,,0.00%,,,,DE,phishing,0274,,,
"Nov 20, 2020",Scammers target PUBG Mobile players,  517,,0.00%,,,,EN,phishing,0275,,,
"Nov 20, 2020",Мошенники воруют аккаунты игроков PUBG Mobile,  472,,0.00%,,,,RU,phishing,0276,,,
"Nov 23, 2020",Los jugadores de PUBG Mobile son el objetivo de una estafa,  120,,0.00%,,,,ES,phishing,0277,,,
"Nov 25, 2020",Jogadores do PUBG Mobile são alvo de golpe,  163,,0.00%,,,,PT,phishing,0278,,,
"Nov 25, 2020",Hundreds of thousands of Spotify users hacked in credential-stuffing incident, 85 285,,0.00%,,,,EN,data breach,0279,,,
"Nov 25, 2020",Credential Stuffing: Hunderttausende Spotify-Konten gehackt, 8 914,,0.00%,,,,DE,data breach,0280,,,
"Nov 25, 2020",Les comptes de centaines de milliers d’utilisateurs Spotify ont été piratés suite à une attaque de credential stuffing, 8 919,,0.00%,,,,FR,data breach,0281,,,
"Nov 25, 2020",Miles de credenciales de Spotify expuestas por un hackeo, 51 608,,0.00%,,,,ES,data breach,0282,,,
"Nov 25, 2020",Milhares de credenciais do Spotify expostas por incidente de segurança, 48 841,,0.00%,,,,PT,data breach,0283,,,
"Nov 25, 2020","Centinaia di migliaia di utenti Spotify, vittime di un caso di credential stuffing", 11 300,,0.00%,,,,IT,data breach,0284,,,
"Nov 25, 2020",Злоумышленники взломали сотни тысяч аккаунтов Spotify, 9 810,,0.00%,,,,RU,data breach,0285,,,
"Nov 25, 2020",Hundreds of thousands of Spotify users hacked in credential-stuffing incident,  479,,0.00%,,,,FI,data breach,0286,,,
"Nov 25, 2020",Hundreds of thousands of Spotify users hacked in credential-stuffing incident,  384,,0.00%,,,,NO,data breach,0287,,,
"Nov 25, 2020",Hundreds of thousands of Spotify users hacked in credential-stuffing incident , 1 902,,0.00%,,,,SE,data breach,0288,,,
"Nov 25, 2020",Hundreds of thousands of Spotify users hacked in credential-stuffing incident,  635,,0.00%,,,,DK,data breach,0289,,,
"Nov 25, 2020",Stovky tisíc uživatelů služby Spotify napadnuty hackery při incidentu s přihlašovacími údaji,  226,,0.00%,,,,CZ,data breach,0290,,,
"Nov 26, 2020",Yüz binlerce Spotify kullanıcısının hesap kimlik bilgileri çalındı, 10 501,,0.00%,,,,TR,data breach,0291,,,
"Nov 26, 2020",Мошенники обманывают пользователей BlaBlaCar, 1 758,,0.00%,,,,RU,phishing,0292,,,
"Dec 4, 2020","Metamask users, beware of fraudulent browser extension scam",  242,,0.00%,,,,EN,phishing,0293,,,
"Dec 11, 2020",Curious about your Target gift card balance? Beware of phishing, 25 014,,0.00%,,,,EN,phishing,0294,,,
"Dec 11, 2020",It’s time to uninstall Flash Player from your computer, 6 285,,0.00%,,,,EN,security update,0295,,,
"Dec 11, 2020","Höchste Zeit, den Flash Player von Ihrem System zu deinstallieren",  295,,0.00%,,,,DE,security update,0296,,,
"Dec 11, 2020",Il est temps de désinstaller Flash Player de votre ordinateur,  814,,0.00%,,,,FR,security update,0297,,,
"Dec 11, 2020",Es la hora: Desinstala Flash Player de tu ordenador, 3 381,,0.00%,,,,ES,security update,0298,,,
"Dec 11, 2020",Chegou a hora de desinstalar o Flash Player do seu computador, 2 044,,0.00%,,,,PT,security update,0299,,,
"Dec 11, 2020",È arrivato il momento di disinstallare Flash Player dal computer ,  725,,0.00%,,,,IT,security update,0300,,,
"Dec 14, 2020",Пришло время попрощаться с Flash Player, 4 131,,0.00%,,,,RU,security update,0301,,,
"Dec 11, 2020",Flash Player’ı bilgisayarınızdan kaldırmanın zamanı geldi,  526,,0.00%,,,,TR,security update,0302,,,
"Dec 17, 2020",Cuidado con una campaña de phishing que se hace pasar por Mercadona,  976,,0.00%,,,,ES,security update,0303,,,
"Dec 22, 2020",Haben Sie eine E-Mail zur Verifizierung des Zugangs von 1&1 IONOS erhalten? Es handelt sich wahrscheinlich um Phishing, 3 010,,0.00%,,,,DE,security update,0304,,,
"Jan 21, 2021",Patch your messenger(s) to avoid being spied on, 12 908,,0.00%,,,,EN,,0305,,,
"Jan 22, 2021","Patchen Sie Ihre Messenger-Apps, um Spionage zu verhindern", 4 324,,0.00%,,,,DE,,0306,,,
"Jan 22, 2021",Bug d’espionnage : mettez vos applications de messagerie instantanée à jour, 1 717,,0.00%,,,,FR,,0307,,,
"Jan 22, 2021",Parchea tu aplicación de mensajería para evitar el espionaje, 4 180,,0.00%,,,,ES,,0308,,,
"Jan 22, 2021",Cuidado: el phishing de IberCaja va en aumento,895,,,,,,ES,,0309,,,
"Jan 22, 2021",Atualize seus aplicativos de mensagens para evitar ser espionado,6522,,,,,,PT,,0310,,,
"Jan 22, 2021",Installa le patch delle tue app di messaggistica per evitare di essere spiato,1127,,,,,,IT,,0311,,,
"Jan 22, 2021","Обновите мессенджер на своем телефоне, чтобы защититься от слежки",5552,,,,,,RU,,0312,,,
"Jan 22, 2021",Patch your messenger(s) to avoid being spied on,62,,,,,,FI,,0313,,,
"Jan 22, 2021",Patch your messenger(s) to avoid being spied on,35,,,,,,NO,,0314,,,
"Jan 22, 2021",Mesajlaşma uygulamalarınızı gizli izlemelere karşı korumak için düzeltin,658,,,,,,TR,,0315,,,
"Jan 22, 2021",Patch your messenger(s) to avoid being spied on,142,,,,,,SE,,0316,,,
"Jan 22, 2021",Patch your messenger(s) to avoid being spied on,68,,,,,,DK,,0317,,,
"Jan 22, 2021","Opravte své aplikace pro rychlé zasílání zpráv, aby zabránili špehování",136,,,,,,CZ,,0318,,,
"Jan 28, 2021",Update your iPhones and iPads to iOS/iPadOS 14.4,63768,,,,,,EN,,0319,,,
"Jan 28, 2021",Téléchargez iOS/iPadOS 14.4 et mettez vos iPhones et vos iPads à jour,10440,,,,,,FR,,0320,,,
"Jan 28, 2021",Actualiza tu iPhone y iPad a iOS/iPadOs 14.4,10989,,,,,,ES,,0321,,,
"Jan 28, 2021",Aggiorna iPhone e iPad alla versione iOS/iPadOS 14.4,4141,,,,,,IT,,0322,,,
"Jan 28, 2021",Обновите ОС на iPhone и iPad до версии 14.4 ,41791,,,,,,RU,,0323,,,
"Jan 28, 2021",Update your iPhones and iPads to iOS/iPadOS 14.4 ,158,,,,,,FI,,0324,,,
"Jan 28, 2021",Update your iPhones and iPads to iOS/iPadOS 14.4,174,,,,,,NO,,0325,,,
"Jan 28, 2021",iPhone ve iPad cihazlarınızı iOS/iPadOS 14.4 sürümlerine güncelleyin,2296,,,,,,TR,,0326,,,
"Jan 28, 2021",Update your iPhones and iPads to iOS/iPadOS 14.4,575,,,,,,SE,,0327,,,
"Jan 28, 2021",Update your iPhones and iPads to iOS/iPadOS 14.4,457,,,,,,DK,,0328,,,
"Jan 28, 2021",Aktualizujte své iPhony a iPady na operační systém iOS/iPadOS 14.4,187,,,,,,CZ,,0329,,,
"Jan 29, 2021",Aktualisieren Sie Ihr iPhone oder iPad jetzt auf iOS / iPadOS 14.4,31768,,,,,,DE,,0330,,,
"Jan 29, 2021",Atualize seu iPhone e iPad para iOS / iPad OS 14.4,10491,,,,,,PT,,0331,,,
"Feb 5, 2021",Update Google Chrome on your desktop immediately,366013,,,,,,EN,,0332,,,
"Feb 5, 2021",Обновите Google Chrome на своем ПК,204836,,,,,,RU,,0333,,,
"Feb 8, 2021",Mettez immédiatement à jour Google Chrome sur votre ordinateur ,51446,,,,,,FR,,0334,,,
"Feb 8, 2021",Atualize o Google Chrome em seu computador imediatamente,246013,,,,,,PT,,0335,,,
"Feb 8, 2021",Update Google Chrome on your desktop immediately,1018,,,,,,FI,,0336,,,
"Feb 8, 2021",Update Google Chrome on your desktop immediately,3358,,,,,,SE,,0337,,,
"Feb 8, 2021",Update Google Chrome on your desktop immediately,1549,,,,,,VN,,0338,,,
"Feb 11, 2021",Update Firefox on your Windows PC right away,145071,,,,,,EN,,0339,,,
"Feb 11, 2021",Mettez à jour Firefox sur votre ordinateur Windows ,34330,,,,,,FR,,0340,,,
"Feb 11, 2021",Actualiza Firefox en tu PC Windows de inmediato,61379,,,,,,ES,,0341,,,
"Feb 11, 2021",Atualize o Firefox no seu PC Windows imediatamente,71694,,,,,,PT,,0342,,,
"Feb 11, 2021",Aggiorna subito Firefox sul tuo PC Windows,20625,,,,,,IT,,0343,,,
"Feb 11, 2021",Обновите Firefox на вашем ПК с Windows,56230,,,,,,RU,,0344,,,
"Feb 11, 2021",Update Firefox on your Windows PC right away,659,,,,,,FI,,0345,,,
"Feb 11, 2021",Update Firefox on your Windows PC right away,253,,,,,,NO,,0346,,,
"Feb 11, 2021",Update Firefox on your Windows PC right away,1376,,,,,,SE,,0347,,,
"Feb 11, 2021",Update Firefox on your Windows PC right away,528,,,,,,DK,,0348,,,
"Feb 11, 2021",Okamžitě si aktualizujte prohlížeč Firefox na počítači se systémem Windows ,529,,,,,,CZ,,0349,,,
"Feb 11, 2021",Update Firefox on your Windows PC right away,360,,,,,,VN,,0350,,,
"Feb 11, 2021",Update Firefox on your Windows PC right away,38,,,,,,TH,,0351,,,
"Feb 12, 2021",Reset your Slack password,83,,,,,,EN,,0352,,,
"Feb 12, 2021",Windows bilgisayarınızda Firefox’u hemen güncelleyin,5741,,,,,,TR,,0353,,,
"Feb 13, 2021",Aktualisieren Sie umgehend Google Chrome auf Ihrem PC,19413,,,,,,DE,,0354,,,
"Feb 13, 2021",Actualiza Google Chrome en tu ordenador de inmediato,224769,,,,,,ES,,0355,,,
"Feb 13, 2021",Aggiorna immediatamente Google Chrome sul computer,57404,,,,,,IT,,0356,,,
"Feb 13, 2021",Update Google Chrome on your desktop immediately,605,,,,,,NO,,0357,,,
"Feb 13, 2021",Masaüstünüzdeki Google Chrome’u hemen güncelleyin ,36624,,,,,,TR,,0358,,,
"Feb 13, 2021",Update Google Chrome on your desktop immediately,1644,,,,,,DK,,0359,,,
"Feb 13, 2021",Aktualizujte okamžitě aplikaci Google Chrome na svém počítači,913,,,,,,CZ,,0360,,,
"Feb 13, 2021",Update Google Chrome on your desktop immediately,142,,,,,,TH,,0361,,,
"Feb 17, 2021",Jetzt PCs mit Windows updaten: Kritische Sicherheitslücke bei Firefox entdeckt,22969,,,,,,DE,,0362,,,
"Feb 19, 2021",Phishing alert for Zoom users,141145,,,,,,EN,,0363,,,
"Feb 19, 2021",Data breach affects Singtel users,839,,,,,,EN,,0364,,,
"Feb 19, 2021",Phishing alert for Zoom users ,418,,,,,,DK,,0365,,,
"Feb 20, 2021",Предупреждаем пользователей Zoom о фишинге,53393,,,,,,RU,,0366,,,
"Feb 23, 2021",Phishing alert for Zoom users,219,,,,,,FI,,0367,,,
"Feb 23, 2021",Phishing alert for Zoom users,151,,,,,,NO,,0368,,,
"Feb 23, 2021",Phishing alert for Zoom users,839,,,,,,SE,,0369,,,
"Feb 24, 2021",Utilisateurs Zoom : alerte d’hameçonnage,11496,,,,,,FR,,0370,,,
"Feb 24, 2021","Usuarios de Zoom, cuidado con el phishing",93357,,,,,,ES,,0371,,,
"Feb 24, 2021",Alerta: golpe de phishing contra usuários do Zoom ,39405,,,,,,PT,,0372,,,
"Feb 24, 2021",Allarme phishing per gli utenti di Zoom,12211,,,,,,IT,,0373,,,
"Feb 24, 2021",Zoom kullanıcıları için kimlik hırsızlığı uyarısı ,19008,,,,,,TR,,0374,,,
"Feb 24, 2021",Varování před phishingovými útoky pro uživatele aplikace Zoom,181,,,,,,CZ,,0375,,,
"Feb 24, 2021",Phishing alert for Zoom users ,33,,,,,,TH,,0376,,,
"Feb 25, 2021",Update SHAREit to fix security bugs,985,,,,,,EN,,0377,,,
"Feb 25, 2021",Обновите приложение SHAREit для Android,615,,,,,,RU,,0378,,,
"Feb 26, 2021",Phishing-Warnung für Zoom-Benutzer,8941,,,,,,DE,,0379,,,
"Feb 26, 2021",Phishing alert for Zoom users,314,,,,,,VN,,0380,,,
"Mar 16, 2021",Update Google Chrome on your desktop immediately,479868,,,,,,EN,,0381,,,
"Mar 16, 2021",Aktualisieren Sie Google Chrome auf Ihrem PC,25388,,,,,,DE,,0382,,,
"Mar 16, 2021",Mettez à jour Google Chrome sur votre ordinateur,67616,,,,,,FR,,0383,,,
"Mar 16, 2021",Actualiza Google Chrome en tu ordenador de inmediato,281349,,,,,,ES,,0384,,,
"Mar 16, 2021",Atualize o Google Chrome imediatamente,308705,,,,,,PT,,0385,,,
"Mar 16, 2021",Aggiorna Google Chrome sul tuo desktop,70728,,,,,,IT,,0386,,,
"Mar 16, 2021",Обновите Chrome на своем компьютере,278429,,,,,,RU,,0387,,,
"Mar 16, 2021",Update Google Chrome on your desktop,1256,,,,,,FI,,0388,,,
"Mar 16, 2021",Update Google Chrome on your desktop,796,,,,,,NO,,0389,,,
"Mar 16, 2021",Masaüstünüzde Google Chrome’u güncelleyin,47391,,,,,,TR,,0390,,,
"Mar 16, 2021",Update Google Chrome on your desktop,4362,,,,,,SE,,0391,,,
"Mar 16, 2021",Update Google Chrome on your desktop,2089,,,,,,DK,,0392,,,
"Mar 16, 2021",Aktualizujte aplikaci Google Chrome na svém počítači,1267,,,,,,CZ,,0393,,,
"Mar 16, 2021",Update Google Chrome on your desktop,2043,,,,,,VN,,0394,,,
"Mar 16, 2021",Update Google Chrome on your desktop,184,,,,,,TH,,0395,,,
"Mar 19, 2021",Update TikTok for Android to patch critical vulnerabilities,2546,,,,,,EN,,0396,,,
"Mar 19, 2021",Update mit einem Patch für kritische Sicherheitslücken in TikTok für Android ,831,,,,,,DE,,0397,,,
"Mar 19, 2021",Mettez à jour TikTok pour Android afin de corriger des vulnérabilités critiques,435,,,,,,FR,,0398,,,
"Mar 19, 2021",Atualize o TikTok para Android para corrigir vulnerabilidades críticas,1978,,,,,,PT,,0399,,,
"Mar 19, 2021",Aggiorna TikTok per Android per risolvere delle vulnerabilità critiche,235,,,,,,IT,,0400,,,
"Mar 19, 2021",Обновите TikTok на Android для защиты от критических уязвимостей,2320,,,,,,RU,,0401,,,
"Mar 19, 2021",Kritik güvenlik açıklarını gidermek için Android üzerinde TikTok’u güncelleyin,208,,,,,,TR,,0402,,,
"Mar 22, 2021",Actualiza TikTok para Android para parchear vulnerabilidades críticas,1434,,,,,,ES,,0403,,,
"Mar 25, 2021",Flagstar reports a data breach,510,,,,,,EN,,0404,,,
"Mar 26, 2021",Expecting a parcel delivery? Beware of this phishing scam,366,,,,,,EN,,0405,,,
"Mar 29, 2021","Yemeksepeti’nden kullanıcı bilgileri sızdırıldı, bilmeniz gereken her şey  ",444,,,,,,TR,,0406,,,
"Mar 31, 2021",Don’t fall for this Discord cryptoscam,1589,,,,,,EN,,0407,,,
"Apr 1, 2021",Ne tombez pas dans le piège de cette arnaque aux cryptomonnaies sur Discord,154,,,,,,FR,,0408,,,
"Apr 1, 2021",Attenzione a questa criptotruffa su Discord,116,,,,,,IT,,0409,,,
"Apr 1, 2021","Осторожно, криптомошенники в Discord",433,,,,,,RU,,0410,,,
"Apr 1, 2021",Discord’daki kripto para dolandırıcılığı oyununa gelmeyin,256,,,,,,TR,,0411,,,
"Apr 2, 2021",Não caia neste criptogolpe do Discord,261,,,,,,PT,,0412,,,
"Apr 5, 2021",No caigas en esta cryptoscam en Discord,251,,,,,,ES,,0413,,,
"Apr 6, 2021",Targeted Robinhood phishing campaign,1125,,,,,,EN,,0414,,,
"Apr 8, 2021",Beware of a WeTransfer phishing scam,20243,,,,,,EN,,0415,,,
"Apr 8, 2021",500 million LinkedIn users’ data leaked online,137949,,,,,,EN,,0416,,,
"Apr 8, 2021",Vorsicht: WeTransfer Phishing-Betrug,1977,,,,,,DE,,0417,,,
"Apr 8, 2021","Attention, arnaque d’hameçonnage WeTransfer",7289,,,,,,FR,,0418,,,
"Apr 8, 2021",Cuidado con la estafa de phishing en WeTransfer,16162,,,,,,ES,,0419,,,
"Apr 8, 2021",Cuidado com o esquema de phishing WeTransfer,12918,,,,,,PT,,0420,,,
"Apr 8, 2021",Attenzione alla truffa di phishing che riguarda WeTransfer,6770,,,,,,IT,,0421,,,
"Apr 8, 2021","Опасайтесь мошенников, прикидывающихся WeTransfer ",1069,,,,,,RU,,0422,,,
"Apr 8, 2021",500 million LinkedIn users’ data leaked online,327,,,,,,FI,,0423,,,
"Apr 8, 2021",500 million LinkedIn users’ data leaked online,212,,,,,,NO,,0424,,,
"Apr 8, 2021",WeTransfer kimlik avı dolandırılıklarına karşı dikkatli olun ,3258,,,,,,TR,,0425,,,
"Apr 8, 2021",Beware of a WeTransfer phishing scam,126,,,,,,SE,,0426,,,
"Apr 8, 2021",500 million LinkedIn users’ data leaked online,1170,,,,,,SE,,0427,,,
"Apr 8, 2021",Beware of a WeTransfer phishing scam,105,,,,,,DK,,0428,,,
"Apr 8, 2021",500 million LinkedIn users’ data leaked online,685,,,,,,DK,,0429,,,
"Apr 8, 2021",500 million LinkedIn users’ data leaked online,664,,,,,,VN,,0430,,,
"Apr 8, 2021",500 million LinkedIn users’ data leaked online ,51,,,,,,TH,,0431,,,
"Apr 9, 2021",Update APKPure on your phone now,260,,,,,,EN,,0432,,,
"Apr 9, 2021",LinkedIn: Daten von 500 Millionen Benutzern wurden geleaked,16959,,,,,,DE,,0433,,,
"Apr 9, 2021",LinkedIn : 500 millions de données utilisateurs fuitent en ligne,20542,,,,,,FR,,0434,,,
"Apr 9, 2021",Se filtran 500 millones de datos de usuarios de LinkedIn,80042,,,,,,ES,,0435,,,
"Apr 9, 2021",Dados de 500 milhões de usuários do LinkedIn vazaram,77484,,,,,,PT,,0436,,,
"Apr 9, 2021",Circa 500 milioni di dati di utenti di LinkedIn trapelati online,14740,,,,,,IT,,0437,,,
"Apr 9, 2021",Данные 500 миллионов аккаунтов LinkedIn утекли в Сеть,6901,,,,,,RU,,0438,,,
"Apr 9, 2021",Обновите APKPure на своем телефоне как можно скорее,165,,,,,,RU,,0439,,,
"Apr 9, 2021",500 milyon LinkedIn kullanıcısının verileri sızdırıldı ,9749,,,,,,TR,,0440,,,
"Apr 9, 2021",Unikla data 500 milionů uživatelů sociální sítě LinkedIn,546,,,,,,CZ,,0441,,,
"Apr 12, 2021",APKPure auf dem Smartphone umgehend aktualisieren!,51,,,,,,DE,,0442,,,
"Apr 12, 2021",Mettez à jour APKPure sur votre téléphone maintenant ,49,,,,,,FR,,0443,,,
"Apr 12, 2021",Actualiza de inmediato APKPure en tu teléfono ,74,,,,,,ES,,0444,,,
"Apr 12, 2021",Aggiorna immediatamente APKPure sul tuo telefono,21,,,,,,IT,,0445,,,
"Apr 12, 2021",Update APKPure on your phone now,15,,,,,,VN,,0446,,,
"Apr 13, 2021",Atualize imediatamente o APKPure no seu telefone,63,,,,,,PT,,0447,,,
"Apr 13, 2021",Telefonunuzda APKPure uygulamasını şimdi güncelleyin,25,,,,,,TR,,0448,,,
,,,,,,,,,,0449,,,
,,,,,,,,,,0450,,,
,,,,,,,,,,0451,,,
,,,,,,,,,,0452,,,
,,,,,,,,,,0453,,,
,,,,,,,,,,0454,,,
,,,,,,,,,,0455,,,
,,,,,,,,,,0456,,,
,,,,,,,,,,0457,,,
,,,,,,,,,,0458,,,
,,,,,,,,,,0459,,,
,,,,,,,,,,0460,,,
,,,,,,,,,,0461,,,
,,,,,,,,,,0462,,,
,,,,,,,,,,0463,,,
,,,,,,,,,,0464,,,
,,,,,,,,,,0465,,,
,,,,,,,,,,0466,,,
,,,,,,,,,,0467,,,
,,,,,,,,,,0468,,,
,,,,,,,,,,0469,,,
,,,,,,,,,,0470,,,
,,,,,,,,,,0471,,,
,,,,,,,,,,0472,,,
,,,,,,,,,,0473,,,
,,,,,,,,,,0474,,,
,,,,,,,,,,0475,,,
,,,,,,,,,,0476,,,
,,,,,,,,,,0477,,,
,,,,,,,,,,0478,,,
,,,,,,,,,,0479,,,
,,,,,,,,,,0480,,,
,,,,,,,,,,0481,,,
,,,,,,,,,,0482,,,